{"cameraMode":{"drawMode":0,"name":"Shaded","section":"Shading Mode"},"sceneLighting":true,"audioPlay":false,"sceneViewState":{"m_AlwaysRefresh":false,"showFog":true,"showSkybox":true,"showFlares":true,"showImageEffects":true,"showParticleSystems":true,"showVisualEffectGraphs":true,"m_FxEnabled":true},"in2DMode":false,"pivot":{"x":460.7170715332031,"y":227.62176513671876,"z":-63.8299560546875},"rotation":{"x":-0.1304309219121933,"y":0.009514672681689263,"z":-0.0012517188442870975,"w":-0.9914116859436035},"size":261.92498779296877,"orthographic":false}